<!-- Dialogs -->
<npcs>
  
   <npc id="1" state ="0">
     <dialogue state="0">
       <text value="Hi! #{PlayerName}, do you prefer Cola Cao or Nesquik?"/>
       <options interaction="1">
         <option action="1" value="Cola Cao is the best"/>
         <option action="2" value="Nesquik is the best"/>
       </options>
	<response value="You must be a horrible person"/>
     </dialogue>
     <dialogue state="1">
       <text value="You aren't interesting anymore."/>
     </dialogue>
   </npc>
  
<npc id="2" state ="0">
     <dialogue state="0">
       <text value="Hi! #{PlayerName} second NPC!"/>
       <options interaction="1">
         <option action="1" value="First choice"/>
         <option action="2" value="Second choice"/>
       </options>
     </dialogue>
     <dialogue state="1">
       <text value="I've already spoken with you"/>
     </dialogue>
   </npc>


</npcs>