<!-- Dialogs -->
<npcs>
  
   <npc id="1" state ="0">
     <dialogue state="0">
       <text value="Hi! #{PlayerName} how are you?"/>
       <options interaction="1">
         <option action="1" value="I love doing research!"/>
         <option action="2" value="Research is so hard :("/>
       </options>
	<response value="Nice choice!"/>
     </dialogue>
     <dialogue state="1">
       <text value="I've already spoken with you"/>
     </dialogue>
   </npc>
  
<npc id="2" state ="0">
     <dialogue state="0">
       <text value="Hi! #{PlayerName} second NPC!"/>
       <options interaction="1">
         <option action="1" value="I love doing 2 NPCs!"/>
         <option action="2" value="Research is so hard :("/>
       </options>
     </dialogue>
     <dialogue state="1">
       <text value="I've already spoken with you"/>
     </dialogue>
   </npc>


</npcs>