<!-- Dialogs -->
<npcs>
  
   <npc id="1">
     <dialogue state="0">
       <text value="Hi! #{PlayerName}, do you prefer Cola Cao or Nesquik?"/>
       <options interaction="1">
         <option value="Cola Cao is the best"/>
         <option value="Nesquik is the best"/>
       </options>
	<response value="You must be a horrible person"/>
     </dialogue>
     <dialogue state="1">
       <text value="You aren't interesting anymore."/>
     </dialogue>
   </npc>
  
<npc id="2">
     <dialogue state="0">
       <text value="Hi! #{PlayerName} second NPC!"/>
       <options interaction="1">
         <option value="First option"/>
         <option value="Second option"/>
       </options>
     </dialogue>
     <dialogue state="1">
       <text value="I've already spoken with you"/>
     </dialogue>
   </npc>


</npcs>