<!-- Kakariko -->
<scene name = "Kakariko">
  <entities>
    <npcs>
      <sample type = "0" x = "0" y = "0" />
    </npcs>
    <enemies>
      <sample type = "0" x = "0" y = "0" />
    </enemies>
    <other>
      <!--rocks, grass, etc-->
      <sample type = "0" x = "0" y = "0" />
    </other>
  </entities>
  <rooms>
    <shop name = "shop" x = "0" y = "0" />
    <linkHouse name = "houseLink" x = "0" y = "0" />
    <house name = "house1" x = "0" y = "0" />
    <house name = "house2" x = "0" y = "0" />
    <house name = "house3" x = "0" y = "0" />
    <house name = "house4" x = "0" y = "0" />
    <tavern name = "tavern" x = "0" y = "0" />
    <farm name = "farm" x = "0" y = "0" />
  </rooms>
  <exits>
    <forest destiny = "Forest" x = "0" y = "0" />
    <forest destiny = "Castle" x = "150" y = "150" />
    <forest destiny = "GreenZone" x = "150" y = "300" />
  </exits>
</scene>
